-- phpMyAdmin SQL Dump
-- version 5.2.0
-- https://www.phpmyadmin.net/
--
-- Host: 127.0.0.1
-- Generation Time: Aug 09, 2023 at 12:27 PM
-- Server version: 10.4.27-MariaDB
-- PHP Version: 8.1.12

SET SQL_MODE = "NO_AUTO_VALUE_ON_ZERO";
START TRANSACTION;
SET time_zone = "+00:00";


/*!40101 SET @OLD_CHARACTER_SET_CLIENT=@@CHARACTER_SET_CLIENT */;
/*!40101 SET @OLD_CHARACTER_SET_RESULTS=@@CHARACTER_SET_RESULTS */;
/*!40101 SET @OLD_COLLATION_CONNECTION=@@COLLATION_CONNECTION */;
/*!40101 SET NAMES utf8mb4 */;

--
-- Database: `bcadatabase`
--

-- --------------------------------------------------------

--
-- Table structure for table `cart`
--

CREATE TABLE `cart` (
  `cart_id` int(11) NOT NULL,
  `user_id` int(11) NOT NULL,
  `variation_id` int(11) NOT NULL,
  `quantity` int(11) NOT NULL,
  `price` int(11) NOT NULL
) ENGINE=InnoDB DEFAULT CHARSET=utf8mb4 COLLATE=utf8mb4_general_ci;

-- --------------------------------------------------------

--
-- Table structure for table `category`
--

CREATE TABLE `category` (
  `category_id` int(11) NOT NULL,
  `category_name` varchar(150) NOT NULL
) ENGINE=InnoDB DEFAULT CHARSET=utf8mb4 COLLATE=utf8mb4_general_ci;

--
-- Dumping data for table `category`
--

INSERT INTO `category` (`category_id`, `category_name`) VALUES
(1, 'Tops'),
(2, 'Dresses'),
(3, 'Pants'),
(5, 'skirt'),
(6, 'half pant'),
(8, 'shirt');

-- --------------------------------------------------------

--
-- Table structure for table `orders`
--

CREATE TABLE `orders` (
  `order_id` int(11) NOT NULL,
  `user_id` int(11) NOT NULL,
  `delivered_to` varchar(150) NOT NULL,
  `phone_no` varchar(10) NOT NULL,
  `deliver_address` varchar(255) NOT NULL,
  `pay_method` varchar(50) NOT NULL,
  `pay_status` int(11) NOT NULL,
  `order_status` int(11) NOT NULL DEFAULT 0,
  `order_date` date NOT NULL DEFAULT current_timestamp()
) ENGINE=InnoDB DEFAULT CHARSET=utf8mb4 COLLATE=utf8mb4_general_ci;

--
-- Dumping data for table `orders`
--

INSERT INTO `orders` (`order_id`, `user_id`, `delivered_to`, `phone_no`, `deliver_address`, `pay_method`, `pay_status`, `order_status`, `order_date`) VALUES
(1, 2, 'Self', '9802234675', 'Matepani-12', 'Cash', 0, 1, '2022-04-10'),
(3, 2, 'Test  Firstuser', '980098322', 'matepani-12', 'Khalti', 1, 1, '2022-04-18');

-- --------------------------------------------------------

--
-- Table structure for table `order_details`
--

CREATE TABLE `order_details` (
  `detail_id` int(11) NOT NULL,
  `order_id` int(11) NOT NULL,
  `variation_id` int(11) NOT NULL,
  `quantity` int(11) NOT NULL,
  `price` int(11) NOT NULL
) ENGINE=InnoDB DEFAULT CHARSET=utf8mb4 COLLATE=utf8mb4_general_ci;

--
-- Dumping data for table `order_details`
--

INSERT INTO `order_details` (`detail_id`, `order_id`, `variation_id`, `quantity`, `price`) VALUES
(1, 1, 1, 1, 500),
(3, 3, 3, 1, 890);

-- --------------------------------------------------------

--
-- Table structure for table `product`
--

CREATE TABLE `product` (
  `product_id` int(11) NOT NULL,
  `product_name` varchar(200) NOT NULL,
  `product_desc` text NOT NULL,
  `product_image` varchar(255) NOT NULL,
  `price` int(11) NOT NULL,
  `category_id` int(11) NOT NULL,
  `uploaded_date` date NOT NULL DEFAULT current_timestamp(),
  `size` varchar(50) NOT NULL
) ENGINE=InnoDB DEFAULT CHARSET=utf8mb4 COLLATE=utf8mb4_general_ci;

--
-- Dumping data for table `product`
--

INSERT INTO `product` (`product_id`, `product_name`, `product_desc`, `product_image`, `price`, `category_id`, `uploaded_date`, `size`) VALUES
(2, 'Off Shoulder Crop Top', 'Crop Tops for Women Basic Off Shoulder Sexy Print V Neck Slim Shirt Vest with Button at Swiss Collecttion.', './uploads/offshoulder.jpg', 1000, 1, '2022-04-04', 'L,M,free'),
(3, 'Off Shoulder Tops', 'Tops for Women Basic Off Shoulder V Neck Slim Shirt Vest with Button at Swiss Collecttion.', './uploads/tops.jpg', 600, 1, '2022-04-04', 'L,M,free,s'),
(4, 'Printed Crop Top', 'Cute Crop Tops for Women Basic Off Shoulder Sexy Print V Neck Slim Shirt Vest with Button at Swiss Collecttion.', './uploads/croptop.jpg', 700, 1, '2022-04-04', 'L,M,free'),
(5, 'Shirtdress', 'Shirt Dresses for Women Basic dresses with Button at Swiss Collecttion.', './uploads/shirtdress.jpg', 1850, 2, '2022-04-04', 'L,M,free'),
(6, 'Check Strappy Dress', 'Check Strappy Dresses for Women Basic dresses with Button at Swiss Collecttion.', './uploads/check-strappy-dress.jpg', 1250, 2, '2022-03-24', 'L,M,free'),
(7, 'Floral Dress', 'Floral Dresses for Women Basic dresses with Button at Swiss Collecttion.', './uploads/dress.jpg', 2000, 2, '2022-04-04', 'L,M,free'),
(13, 'half sleeve white shirt', 'bestquality', './uploads/Vintage Button Up and White Pants Outfit (1).jpg', 1800, 8, '2023-08-08', 'L,M,free'),
(14, 'Satin Dress', 'bestquality', './uploads/You Are Always Chic with a Satin Dress – Fashion Trends and Street Style - People & Styles.jpg', 3200, 2, '2023-08-08', 'L,M,free'),
(15, 'aakash', 'fdsafdsaf', './uploads/PELLE CREPIN (1).jpg', 5454, 2, '2023-08-09', ''),
(16, 'basanta', 'r432r', './uploads/StackPath.jpg', 34324, 1, '2023-08-09', ''),
(17, 'prakriti', 'dami prduct', './uploads/download (5).jpg', 5435, 1, '2023-08-09', ''),
(18, 'pramisha', 'fdsafdsa', './uploads/homepage.php', 32432, 2, '2023-08-09', ''),
(19, 'tv', 'cdsafdsa', './uploads/homepage.php', 543, 1, '2023-08-09', '[object HTMLInputElement]'),
(20, 'pramisha bestu', 'cxfdsaf', './uploads/download (4).jpg', 543254, 1, '2023-08-09', '[object HTMLInputElement]'),
(21, 'basantaaaa', 'bestquality', './uploads/theblackbeauties_.jpg', 43, 1, '2023-08-09', 'm,l,s');

-- --------------------------------------------------------

--
-- Table structure for table `product_size_variation`
--

CREATE TABLE `product_size_variation` (
  `variation_id` int(11) NOT NULL,
  `product_id` int(11) NOT NULL,
  `size_id` int(11) NOT NULL,
  `quantity_in_stock` int(11) NOT NULL
) ENGINE=InnoDB DEFAULT CHARSET=utf8mb4 COLLATE=utf8mb4_general_ci;

--
-- Dumping data for table `product_size_variation`
--

INSERT INTO `product_size_variation` (`variation_id`, `product_id`, `size_id`, `quantity_in_stock`) VALUES
(1, 1, 4, 5),
(3, 2, 1, 10),
(6, 3, 3, 6),
(7, 4, 2, 8),
(8, 5, 4, 8),
(9, 6, 2, 10),
(10, 7, 2, 10);

-- --------------------------------------------------------

--
-- Table structure for table `review`
--

CREATE TABLE `review` (
  `review_id` int(11) NOT NULL,
  `user_id` int(11) NOT NULL,
  `product_id` int(11) NOT NULL,
  `review_desc` text NOT NULL
) ENGINE=InnoDB DEFAULT CHARSET=utf8mb4 COLLATE=utf8mb4_general_ci;

--
-- Dumping data for table `review`
--

INSERT INTO `review` (`review_id`, `user_id`, `product_id`, `review_desc`) VALUES
(1, 2, 2, 'Comfortable and stylish. I loved it.'),
(2, 2, 5, 'Perfect dress for summer.');

-- --------------------------------------------------------

--
-- Table structure for table `sizes`
--

CREATE TABLE `sizes` (
  `size_id` int(11) NOT NULL,
  `size_name` varchar(100) NOT NULL,
  `product_id` int(11) NOT NULL
) ENGINE=InnoDB DEFAULT CHARSET=utf8mb4 COLLATE=utf8mb4_general_ci;

--
-- Dumping data for table `sizes`
--

INSERT INTO `sizes` (`size_id`, `size_name`, `product_id`) VALUES
(1, 'S', 2),
(2, 'L', 2),
(3, 'M', 4),
(4, 'Free', 3),
(5, '5', 3);

-- --------------------------------------------------------

--
-- Table structure for table `userdetails`
--

CREATE TABLE `userdetails` (
  `user_id` int(11) NOT NULL,
  `user_name` varchar(100) NOT NULL,
  `user_email` varchar(100) NOT NULL,
  `user_password` varchar(20) NOT NULL,
  `type` varchar(11) NOT NULL DEFAULT '0'
) ENGINE=InnoDB DEFAULT CHARSET=utf8mb4 COLLATE=utf8mb4_general_ci;

--
-- Dumping data for table `userdetails`
--

INSERT INTO `userdetails` (`user_id`, `user_name`, `user_email`, `user_password`, `type`) VALUES
(1, 'admin', 'admin', '12345', 'admin'),
(2, 'fdsalfds', 'fdsafds@gmail.com', 'dafdsaf', ''),
(7, 'prakriti devkota', 'prakritidevkota@gmail.com', '9876ssss', '0'),
(10, 'Aakash kandel', 'aakashkandel9777@gmail.com', '12345', '0');

-- --------------------------------------------------------

--
-- Table structure for table `users`
--

CREATE TABLE `users` (
  `user_id` int(11) NOT NULL,
  `first_name` varchar(200) NOT NULL,
  `last_name` varchar(255) NOT NULL,
  `email` varchar(255) NOT NULL,
  `password` varchar(150) NOT NULL,
  `contact_no` varchar(10) NOT NULL,
  `registered_at` date NOT NULL DEFAULT current_timestamp(),
  `isAdmin` int(11) NOT NULL DEFAULT 0,
  `user_address` varchar(255) NOT NULL
) ENGINE=InnoDB DEFAULT CHARSET=utf8mb4 COLLATE=utf8mb4_general_ci;

--
-- Dumping data for table `users`
--

INSERT INTO `users` (`user_id`, `first_name`, `last_name`, `email`, `password`, `contact_no`, `registered_at`, `isAdmin`, `user_address`) VALUES
(1, 'Admin', 'Admin', 'admin@gmail.com', '$2y$10$j9OXXIYS0CG5AYuks62YMeDvuIpo2hZEN4CqfJfujt1yPMnoUq5C6', '9810283472', '2022-04-10', 1, 'newroad'),
(2, 'Test ', 'Firstuser', 'test@gmail.com', '$2y$10$DJOdhZy1InHTKQO6whfyJexVTZCDTlmIYGCXQiPTv7l82AdC9bWHO', '980098322', '2022-04-10', 0, 'matepani-12');

-- --------------------------------------------------------

--
-- Table structure for table `wishlist`
--

CREATE TABLE `wishlist` (
  `wish_id` int(11) NOT NULL,
  `user_id` int(11) NOT NULL,
  `product_id` int(11) NOT NULL
) ENGINE=InnoDB DEFAULT CHARSET=utf8mb4 COLLATE=utf8mb4_general_ci;

--
-- Indexes for dumped tables
--

--
-- Indexes for table `cart`
--
ALTER TABLE `cart`
  ADD PRIMARY KEY (`cart_id`),
  ADD UNIQUE KEY `uc_cart` (`user_id`,`variation_id`),
  ADD KEY `variation_id` (`variation_id`);

--
-- Indexes for table `category`
--
ALTER TABLE `category`
  ADD PRIMARY KEY (`category_id`);

--
-- Indexes for table `orders`
--
ALTER TABLE `orders`
  ADD PRIMARY KEY (`order_id`),
  ADD KEY `user_id` (`user_id`);

--
-- Indexes for table `order_details`
--
ALTER TABLE `order_details`
  ADD PRIMARY KEY (`detail_id`),
  ADD KEY `order_id` (`order_id`),
  ADD KEY `variation_id` (`variation_id`);

--
-- Indexes for table `product`
--
ALTER TABLE `product`
  ADD PRIMARY KEY (`product_id`),
  ADD KEY `category_id` (`category_id`);

--
-- Indexes for table `product_size_variation`
--
ALTER TABLE `product_size_variation`
  ADD PRIMARY KEY (`variation_id`),
  ADD UNIQUE KEY `uc_ps` (`product_id`,`size_id`);

--
-- Indexes for table `review`
--
ALTER TABLE `review`
  ADD PRIMARY KEY (`review_id`),
  ADD KEY `user_id` (`user_id`),
  ADD KEY `product_id` (`product_id`);

--
-- Indexes for table `sizes`
--
ALTER TABLE `sizes`
  ADD PRIMARY KEY (`size_id`),
  ADD KEY `sizes_ibfk_1` (`product_id`);

--
-- Indexes for table `userdetails`
--
ALTER TABLE `userdetails`
  ADD PRIMARY KEY (`user_id`);

--
-- Indexes for table `users`
--
ALTER TABLE `users`
  ADD PRIMARY KEY (`user_id`);

--
-- Indexes for table `wishlist`
--
ALTER TABLE `wishlist`
  ADD PRIMARY KEY (`wish_id`),
  ADD UNIQUE KEY `uc_wish` (`user_id`,`product_id`),
  ADD KEY `product_id` (`product_id`);

--
-- AUTO_INCREMENT for dumped tables
--

--
-- AUTO_INCREMENT for table `cart`
--
ALTER TABLE `cart`
  MODIFY `cart_id` int(11) NOT NULL AUTO_INCREMENT, AUTO_INCREMENT=10;

--
-- AUTO_INCREMENT for table `category`
--
ALTER TABLE `category`
  MODIFY `category_id` int(11) NOT NULL AUTO_INCREMENT, AUTO_INCREMENT=9;

--
-- AUTO_INCREMENT for table `orders`
--
ALTER TABLE `orders`
  MODIFY `order_id` int(11) NOT NULL AUTO_INCREMENT, AUTO_INCREMENT=4;

--
-- AUTO_INCREMENT for table `order_details`
--
ALTER TABLE `order_details`
  MODIFY `detail_id` int(11) NOT NULL AUTO_INCREMENT, AUTO_INCREMENT=4;

--
-- AUTO_INCREMENT for table `product`
--
ALTER TABLE `product`
  MODIFY `product_id` int(11) NOT NULL AUTO_INCREMENT, AUTO_INCREMENT=22;

--
-- AUTO_INCREMENT for table `product_size_variation`
--
ALTER TABLE `product_size_variation`
  MODIFY `variation_id` int(11) NOT NULL AUTO_INCREMENT, AUTO_INCREMENT=12;

--
-- AUTO_INCREMENT for table `review`
--
ALTER TABLE `review`
  MODIFY `review_id` int(11) NOT NULL AUTO_INCREMENT, AUTO_INCREMENT=3;

--
-- AUTO_INCREMENT for table `sizes`
--
ALTER TABLE `sizes`
  MODIFY `size_id` int(11) NOT NULL AUTO_INCREMENT, AUTO_INCREMENT=6;

--
-- AUTO_INCREMENT for table `userdetails`
--
ALTER TABLE `userdetails`
  MODIFY `user_id` int(11) NOT NULL AUTO_INCREMENT, AUTO_INCREMENT=11;

--
-- AUTO_INCREMENT for table `users`
--
ALTER TABLE `users`
  MODIFY `user_id` int(11) NOT NULL AUTO_INCREMENT, AUTO_INCREMENT=3;

--
-- AUTO_INCREMENT for table `wishlist`
--
ALTER TABLE `wishlist`
  MODIFY `wish_id` int(11) NOT NULL AUTO_INCREMENT, AUTO_INCREMENT=10;

--
-- Constraints for dumped tables
--

--
-- Constraints for table `cart`
--
ALTER TABLE `cart`
  ADD CONSTRAINT `cart_ibfk_1` FOREIGN KEY (`user_id`) REFERENCES `users` (`user_id`),
  ADD CONSTRAINT `cart_ibfk_2` FOREIGN KEY (`variation_id`) REFERENCES `product_size_variation` (`variation_id`);

--
-- Constraints for table `orders`
--
ALTER TABLE `orders`
  ADD CONSTRAINT `orders_ibfk_1` FOREIGN KEY (`user_id`) REFERENCES `users` (`user_id`);

--
-- Constraints for table `order_details`
--
ALTER TABLE `order_details`
  ADD CONSTRAINT `order_details_ibfk_1` FOREIGN KEY (`order_id`) REFERENCES `orders` (`order_id`),
  ADD CONSTRAINT `order_details_ibfk_2` FOREIGN KEY (`variation_id`) REFERENCES `product_size_variation` (`variation_id`);

--
-- Constraints for table `review`
--
ALTER TABLE `review`
  ADD CONSTRAINT `review_ibfk_1` FOREIGN KEY (`user_id`) REFERENCES `users` (`user_id`),
  ADD CONSTRAINT `review_ibfk_2` FOREIGN KEY (`product_id`) REFERENCES `product` (`product_id`);

--
-- Constraints for table `sizes`
--
ALTER TABLE `sizes`
  ADD CONSTRAINT `sizes_ibfk_1` FOREIGN KEY (`product_id`) REFERENCES `product` (`product_id`) ON DELETE CASCADE ON UPDATE CASCADE;

--
-- Constraints for table `wishlist`
--
ALTER TABLE `wishlist`
  ADD CONSTRAINT `wishlist_ibfk_1` FOREIGN KEY (`user_id`) REFERENCES `users` (`user_id`),
  ADD CONSTRAINT `wishlist_ibfk_2` FOREIGN KEY (`product_id`) REFERENCES `product` (`product_id`);
COMMIT;

/*!40101 SET CHARACTER_SET_CLIENT=@OLD_CHARACTER_SET_CLIENT */;
/*!40101 SET CHARACTER_SET_RESULTS=@OLD_CHARACTER_SET_RESULTS */;
/*!40101 SET COLLATION_CONNECTION=@OLD_COLLATION_CONNECTION */;
